delete from accessory;
delete from service;
delete from classic_bike_frame_inventory;
delete from classic_bike;
delete from classic_bike_price;
delete from electric_bike_frame_inventory;
delete from electric_bike_price;
delete from electric_bike;
delete from bike_type;
delete from frame;
delete from user_grade_product;
delete from user_grade;
delete from service;
delete from product;
delete from product_type;
INSERT INTO `frame` VALUES (1,'S'),(2,'M'),(3,'L'),(4,'XL');
INSERT INTO `bike_type` VALUES (1,'Standard'),(2,'Plus'),(3,'Premium');
INSERT INTO `product_type` VALUES (1,'Bike'),(2,'Accessory'),(3,'Service');
INSERT INTO `electric_bike_price` VALUES (1,'PLN',120.00,'do 3 h'),(2,'PLN',180.00,'do 5 h'),(3,'PLN',220.00,'do 8 h'),(4,'PLN',250.00,'doba');
INSERT INTO `product`(id,name,product_type_id,rating,active) VALUES (1,'Fotelik',2,0.00,1),(2,'Riksza',2,0.00,1),(3,'Riksza do pchania',2,0.00,1),(4,'Riksza Premium',2,0.00,1),(5,'Riksza Premium do pchania',2,0.00,1),(6,'Nosidełko turystyczne',2,0.00,1),(7,'Naprawianie rowerów',3,0.00,1),(8,'Cannondale JEKYLL 1 - 29\" Carbon Mountainbike - 2022 - Beetle Green',1,5.00,1),(9,'CANNONDALE MAVARO NEO 5 PLUS - ELECTRIC CITY BIKE - 2021 - BLACK PEARL',1,3.00,1),(10,'PARAPERA ANEMOS - CARBON GRAVEL BIKE - 2022',1,0.00,1),(11,'FOCUS JAM 6.8 - 29\" MOUNTAINBIKE - 2022 - SKY GREY',1,0.00,1),(12,'Cannondale Kross 29\" - GRAY',1,3.50,1),(13,'CUBE KATHMANDU PRO - TREKKING BIKE - 2022 - GREY/BLACK A00',1,0.00,1),(14,'DIAMANT ZING+ - WOMEN TREKKING E-BIKE - 2022 - WHITE',1,0.00,1),(15,'CANNONDALE MOTERRA NEO CARBON SE - 29\" MTB E-BIKE - 2021 - STEALTH GRAY',1,0.00,1);
INSERT INTO `product`(id,name,product_type_id,rating,active) VALUES (16,'DIAMANT ELAN SUPER DELUXE - MEN TREKKINGBIKE - 2022 - DRAVIT GREY METALLIC',1,0.00,1),(17,'Diamant ELAN SUPER DELUXE - Men Trekkingbike - 2022 - Dravit grey metallic',1,0.00,1),(18,'Rower Elektryczny 28\" ECOBIKE S-CROSS L Acera HT Hydr. DAMSKI 19\" Czarny + LG 10,4Ah',1,3.50,1),(19,'Trek Powerfly FS 5 EU 19,5 matte anthracit 500W rower elektryczny',1,0.00,1),(20,'Rower-elektryczny-Ecobike-LX-500',1,0.00,1),(21,'Rower-miejski-elektryczny-M-Bike-E-CITY-White',1,0.00,1),(22,'Rower elektryczny trekkingowy GEOBIKE Per4mance',1,0.00,1),(23,'Rower elektryczny MY22.5_Heckler_29_CC_XO1_AXS_RSV_Blue',1,0.00,1),(24,'Rower elektryczny Carrera-Vengeance-E-Mens-Electric-Mountain-Bike-2',1,0.00,1),(25,'Rower Electryczny Assist-Hybrid-Electric-Bike-2021---20-Wheel',1,0.00,1),(26,'Carrera impel im-2 Electric Hybrid Bike Microshift',1,0.00,1),(27,'BirdBike Electric Hybrid Bike - Gravity Gray',1,0.00,1),(28,'Rower górski mtb SIGN MTE7.24 27,5\'',1,0.00,1);
INSERT INTO `product`(id,name,product_type_id,rating,active) VALUES (29,'Rower górski RAYON ADVENTURE 26 HT Shimano',1,0.00,1),(30,'Rower RAYON JUMPER 20',1,0.00,1),(31,'Rower górski 29 MTB ROMET MUSTANG M4',1,0.00,1),(32,'Rower MXGTDIWBH 28',1,0.00,1),(33,'Rower ghost',1,0.00,1),(34,'Rower Gfx',1,0.00,1),(35,'Rower trekingowy HvdvvdvJJ',1,0.00,1),(36,'Rower evadolackbluematte',1,0.00,1),(37,'Rower Liv Rove 3 Red Wine',1,0.00,1),(38,'Rower górski MTB BIKE STRON 26 cali ALU',1,0.00,1),(39,'Rower MTB Kands STRANGER rama 15 cali 26 szary',1,0.00,1),(40,'Romet Jolene 6.1 2021 Czerwony - Szary MTB Górski',1,0.00,1),(41,'Premium La Vida 20 2017 Rower BMX Wyczynowy',1,0.00,1),(42,'Mafia Kush 2 20 Rower BMX Wyczynowy',1,0.00,1),(43,'Premium Stray 2021 Rower BMX Wyczynowy',1,0.00,1),(44,'Radio Revo 18 2021 Rower BMX Wyczynowy',1,0.00,1),(45,'Radio Darko 20 2021 Rower BMX Wyczynowy',1,0.00,1),(46,'Stolen Agent 18\' 2022 Rower BMX Wyczynowy',1,0.00,1);
INSERT INTO `product`(id,name,product_type_id,rating,active) VALUES (47,'Cult Gateway 20\" 2022 Rower BMX Wyczynowy',1,3.50,1),(48,'Wycieczka z przewodnikiem',3,0.00,1),(50,'Nowa nazwa',1,0.00,0),(51,'Nowa nazwa2',1,0.00,0),(52,'Nowa nazwa3',1,0.00,0),(53,'Nowa nazwa 4',1,0.00,0),(54,'Nowa nazwa 5',1,0.00,0);
INSERT INTO `service` VALUES (7,'PLN',50.00,7),(48,'PLN',70.00,48);
INSERT INTO `classic_bike` VALUES (8,'offer/standard/Cannondale JEKYLL 1 - 29\" Carbon Mountainbike - 2022 - Beetle Green.jpg',1,8),(9,'offer/standard/Cannondale MAVARO NEO 5 Plus - Electric City Bike - 2021 - black pearl.jpg',1,9),(10,'offer/standard/Parapera ANEMOS - Carbon Gravel Bike - 2022.jpg',1,10),(11,'offer/standard/FOCUS JAM 6.8 - 29\" Mountainbike - 2022 - sky grey.jpg',1,11),(12,'offer/standard/Rennstahl 853 Pinion - 650B Trekking Bike - 2022.jpg',1,12),(13,'offer/standard/CUBE KATHMANDU Pro - Trekking Bike - 2022 - grey, black A00.jpg',1,13),(14,'offer/standard/Diamant Zing+ - Women Trekking E-Bike - 2022 - white.jpg',1,14),(15,'offer/standard/Cannondale MOTERRA NEO Carbon SE - 29\" MTB E-Bike - 2021 - Stealth Gray.jpg',1,15),(16,'offer/standard/CUBE HYDE Pro - Urbanbike with Belt Drive - 2022 - deepblue,silver A00.jpg',1,16),(17,'offer/standard/Diamant ELAN SUPER DELUXE - Men Trekkingbike - 2022 - Dravit grey metallic.jpg',1,17),(28,'offer/plus/Rower górski mtb SIGN MTE7.24 27,5\'.jpg',2,28),(29,'offer/plus/Rower górski RAYON ADVENTURE 26 HT Shimano.jpg',2,29),(30,'offer/plus/Rower RAYON JUMPER 20.jpg',2,30),(31,'offer/plus/Rower górski 29 MTB ROMET MUSTANG M4.jpg',2,31),(32,'offer/plus/Rower MXGTDIWBH 28.jpg',2,32),(33,'offer/plus/rowerghostlectorfs.jpg',2,33),(34,'offer/plus/Rower Gfx168273.jpg',2,34),(35,'offer/plus/Rower trekingowy HvdvvdvJJ.jpg',2,35),(36,'offer/plus/Rower evado40blackbluematte.jpg',2,36),(37,'offer/plus/Rower Liv-Rove-3-Red-Wine-2021-101796.jpg',2,37),(38,'offer/premium/Rower-gorski-MTB-BIKE-STRON-26-cali-ALU.jpg',3,38),(39,'offer/premium/Rower MTB Kands STRANGER rama 15 cali 26 szary.jpg',3,39),(40,'offer/premium/Romet Jolene Czerwony Szary MTB Górski.jpg',3,40),(41,'offer/premium/premium-la-vida-20-2017-bmx-freestyle-bike-9t.jpg',3,41),(42,'offer/premium/mafia-kush-2-20-bmx-freestyle-bike-q5.jpg',3,42),(43,'offer/premium/premium-stray-2021-bmx-freestyle-bike-k6.jpg',3,43),(44,'offer/premium/radio-revo-18-2021-bmx-freestyle-bike-7u.jpg',3,44),(45,'offer/premium/radio-darko-20-2021-bmx-freestyle-bike-fp.jpg',3,45),(46,'offer/premium/stolen-agent-18-2022-bmx-freestyle-bike-cb.jpg',3,46),(47,'offer/premium/cult-gateway-20-2022-bmx-freestyle-bike-8h.jpg',3,47),(50,'offer/standard/6af84a96-d55e-4292-b8de-8f021a6d8aa9.png',1,50),(52,'offer/standard/e472c5b7-c80b-4595-b0c7-af4dd0de17b6.png',1,52),(54,'offer/plus/b2e222e2-e61d-405a-b076-bbe638b3ac36.png',2,54);
INSERT INTO `accessory` VALUES (1,'PLN',20.00,15.00,5.00,'offer/accessory/fotelik_rowerowy.jpg',1),(2,'PLN',50.00,40.00,10.00,'offer/accessory/riksza.jpg',2),(3,'PLN',60.00,50.00,10.00,'offer/accessory/riksza_do_pchania.jpg',3),(4,'PLN',70.00,60.00,15.00,'offer/accessory/riksza_premium.jpg',4),(5,'PLN',80.00,70.00,15.00,'offer/accessory/riksza_premium_do_pchania.jpg',5),(6,'PLN',35.00,30.00,20.00,'offer/accessory/nosidelko.jpg',6);
INSERT INTO `electric_bike` VALUES (18,'offer/electric/Assist Hybrid Electric Bike.jpg',18),(19,'offer/electric/Trek Powerfly FS 5 EU 19,5 matte anthracit 500W rower elektryczny.jpg',19),(20,'offer/electric/Rower-elektryczny-Ecobike-LX-500.jpg',20),(21,'offer/electric/pol_pl_Rower-miejski-elektryczny-M-Bike-E-CITY-White-2021-40376_1.jpg',21),(22,'offer/electric/rower elektryczny trekkingowy GEOBIKE Per4mance.jpg',22),(23,'offer/electric/Rower elektryczny MY22.5_Heckler_29_CC_XO1_AXS_RSV_Blue.jpg',23),(24,'offer/electric/Carrera-Vengeance-E-Mens-Electric-Mountain-Bike-2.jpg',24),(25,'offer/electric/Assist Hybrid Electric Bike.jpg',25),(26,'offer/electric/Carrera impel im-2 Electric Hybrid Bike Microshift.jpg',26),(27,'offer/electric/BirdBike Electric Hybrid Bike - Gravity Gray.jpg',27),(51,'offer/electric/56214546-ed84-48cc-bccf-f99f30d2418a.png',51),(53,'offer/electric/0489671b-372b-49a4-aca6-fb72c8ed4a6e.png',53);
INSERT INTO `classic_bike_frame_inventory` VALUES (1,1,8,1),(2,5,9,1),(3,4,10,1),(4,2,11,1),(5,3,14,1),(6,4,15,1),(7,5,16,1),(8,6,17,1),(9,7,28,1),(10,8,29,1),(11,3,33,1),(12,4,34,1),(13,3,35,1),(14,4,37,1),(15,5,38,1),(16,2,40,1),(17,1,8,2),(18,4,11,2),(19,5,12,2),(20,3,14,2),(21,4,15,2),(22,5,16,2),(23,2,17,2),(24,2,29,2),(25,2,30,2),(26,3,34,2),(27,5,35,2),(28,4,36,2),(29,3,37,2),(30,6,39,2),(31,4,40,2),(32,2,8,3),(33,9,9,3),(34,8,11,3),(35,7,13,3),(36,3,14,3),(37,2,15,3),(38,1,16,3),(39,6,17,3),(40,7,29,3),(41,5,31,3),(42,6,33,3),(43,7,35,3),(44,8,37,3),(45,9,40,3),(46,9,8,4),(47,9,12,4),(48,9,14,4),(49,8,15,4),(50,7,16,4),(51,7,17,4),(52,8,29,4),(53,9,32,4),(54,6,33,4),(55,8,34,4),(56,6,36,4),(57,5,37,4),(58,3,40,4),(68,3,41,3),(69,2,41,4),(70,4,42,1),(71,3,42,2),(72,4,42,3),(73,5,43,1),(74,6,44,1),(75,7,45,2),(76,2,46,3),(77,1,46,4),(78,2,47,2),(91,10,50,1),(92,10,52,1),(93,2,54,4),(94,2,54,1);
INSERT INTO `electric_bike_frame_inventory` VALUES (1,2,18,1),(2,5,20,1),(3,8,22,1),(4,7,25,1),(5,6,26,1),(6,7,27,1),(7,8,19,2),(8,9,20,2),(9,10,21,2),(10,5,22,2),(11,3,27,2),(12,2,18,3),(13,1,19,3),(14,1,20,3),(15,5,21,3),(16,4,23,3),(17,5,26,3),(18,6,27,3),(19,3,18,4),(20,4,19,4),(21,1,20,4),(22,2,24,4),(23,3,25,4),(24,4,26,4),(25,5,27,4),(41,10,51,1),(42,10,53,1);
INSERT INTO `user_grade` VALUES (4,14),(5,21),(6,22);
INSERT INTO `classic_bike_price`(id, currency,day_and_night_price, day_price, every_begin_hour_price, bike_type_id) VALUES (1,'PLN',50.00,40.00,10.00,1),(2,'PLN',60.00,50.00,12.00,2),(3,'PLN',90.00,80.00,20.00,3);
INSERT INTO `user_grade_product`(user_grade_product_id, product_id,user_grade_id, rating) VALUES (4,18,4,3.50),(5,12,4,3.50),(6,9,4,3.00),(7,18,5,2.00),(8,18,6,5.00),(9,47,4,3.50),(10,8,4,5.00);
